{"after_market_strat_times": null, "difference_instructions": ["0:1"], "ADT": {"diff_array": [0, -6.126128664923018], "close_list": [5.550000190734863, 5.210000038146973]}}